<?xml version="1.0" encoding="UTF-8"?>
<project name="javafx-beans-dt" default="jar" basedir=".">
    <description>Builds, tests, and jars the closed version of the javafx-beans-dt project.</description>
    
    <property name="runtime.dist.root.dir" value="../../rt-closed" /> 
    <property name="rt.dist.root.dir" value="../../rt" />
    
    <path id="javac.closed.classpath.path" path="
        ${runtime.dist.root.dir}/javafx-beans/dist/javafx-beans.jar:
        ${runtime.dist.root.dir}/javafx-common/dist/javafx-common.jar:
        ${rt.dist.root.dir}/javafx-ui-common/dist/javafx-ui-common.jar" />
    <property name="javac.classpath" refid="javac.closed.classpath.path"/>
    
    <import file="../build-defs.xml"/>
    <import file="build-common.xml"/>
</project>
